su	/sbin/su
su	/system/bin/su
su	/system/xbin/su
su	/vendor/bin/su
su	/system/sbin/su
su	/su/bin/su
su	/data/local/su
su	/data/local/bin/su
su	/data/local/xbin/su
su	/system/bin/failsafe/su
su	/system/bin/.ext/.su
su	/system/usr/we-need-root/su-backup
su	/system/xbin/mu
magisk	/sbin/.magisk
magisk	/sbin/.core/mirror
magisk	/sbin/.core/img
magisk	/data/adb/magisk
magisk	/data/adb/magisk.db
magisk	/data/adb/magisk.img
magisk	/data/adb/modules
magisk	/data/adb/ksu
magisk	/data/adb/ap
magisk	/cache/.disable_magisk
magisk	/dev/.magisk.unblock
magisk	/system/etc/init/magisk
magisk	/data/adb/magisk_simple
busybox	/system/xbin/busybox
busybox	/system/bin/busybox
busybox	/data/local/busybox
protected_mount	/system
protected_mount	/
protected_mount	/vendor
protected_mount	/product
